id,session_id,user_message,bot_response,user_chars,bot_chars,user_tokens,bot_tokens,request_start_time,retrieval_end_time,response_end_time,retrieval_duration_sec,generation_duration_sec,total_duration_sec
1,098adae2-85d3-44cd-bfea-47f9d2a2e100,posso participar do programa?,"Sim, você pode participar do programa Quita Goiás se for um contribuinte goiano com dívidas tributárias com o Estado de Goiás.

O programa é destinado a:
*   **Pessoas físicas**
*   **Microempresas**
*   **Empresas de pequeno porte**
*   **Outras pessoas jurídicas**

Para aderir, você deve solicitar por e-mail para ntt@pge.go.gov.br, informando seus dados e anexando a documentação exigida.",29,392,1410,110,2025-11-08 18:01:46.607303,2025-11-08 18:01:47.615450,2025-11-08 18:01:51.673806,1.008147,4.058356,5.066503
